<metadata xml:lang="nb"><Esri><CreaDate>20171009</CreaDate><CreaTime>17292400</CreaTime><ArcGISFormat>1.0</ArcGISFormat><SyncOnce>FALSE</SyncOnce><DataProperties><lineage><Process ToolSource="c:\program files (x86)\arcgis\desktop10.5\ArcToolbox\Toolboxes\Data Management Tools.tbx\DefineProjection" Date="20171009" Time="172924">DefineProjection 32_1601arealbrukf PROJCS['WGS_1984_UTM_Zone_33N',GEOGCS['GCS_WGS_1984',DATUM['D_WGS_1984',SPHEROID['WGS_1984',6378137.0,298.257223563]],PRIMEM['Greenwich',0.0],UNIT['Degree',0.0174532925199433]],PROJECTION['Transverse_Mercator'],PARAMETER['False_Easting',500000.0],PARAMETER['False_Northing',0.0],PARAMETER['Central_Meridian',15.0],PARAMETER['Scale_Factor',0.9996],PARAMETER['Latitude_Of_Origin',0.0],UNIT['Meter',1.0]]</Process><Process ToolSource="c:\program files (x86)\arcgis\desktop10.5\ArcToolbox\Toolboxes\Data Management Tools.tbx\DefineProjection" Date="20171009" Time="173525">DefineProjection 32_1601arealbrukf PROJCS['WGS_1984_UTM_Zone_32N',GEOGCS['GCS_WGS_1984',DATUM['D_WGS_1984',SPHEROID['WGS_1984',6378137.0,298.257223563]],PRIMEM['Greenwich',0.0],UNIT['Degree',0.0174532925199433]],PROJECTION['Transverse_Mercator'],PARAMETER['False_Easting',500000.0],PARAMETER['False_Northing',0.0],PARAMETER['Central_Meridian',9.0],PARAMETER['Scale_Factor',0.9996],PARAMETER['Latitude_Of_Origin',0.0],UNIT['Meter',1.0]]</Process><Process ToolSource="c:\program files (x86)\arcgis\desktop10.5\ArcToolbox\Toolboxes\Data Management Tools.tbx\Merge" Date="20171018" Time="172942">Merge 32_1601arealbrukf;32_1648arealbrukf;32_1653arealbrukf;32_1657arealbrukf;32_1662arealbrukf;32_1663arealbrukf;32_1664arealbrukf C:\Users\sindr\Documents\ArcGIS\Default.gdb\c32_1601arealbrukf_Merge1 "KOORDH "KOORDH" true true false 10 Double 2 9 ,First,#,32_1601arealbrukf,KOORDH,-1,-1,32_1648arealbrukf,KOORDH,-1,-1,32_1653arealbrukf,KOORDH,-1,-1,32_1657arealbrukf,KOORDH,-1,-1,32_1662arealbrukf,KOORDH,-1,-1,32_1663arealbrukf,KOORDH,-1,-1,32_1664arealbrukf,KOORDH,-1,-1;OPPDATDATO "OPPDATDATO" true true false 20 Text 0 0 ,First,#,32_1601arealbrukf,OPPDATDATO,-1,-1,32_1648arealbrukf,OPPDATDATO,-1,-1,32_1653arealbrukf,OPPDATDATO,-1,-1,32_1657arealbrukf,OPPDATDATO,-1,-1,32_1662arealbrukf,OPPDATDATO,-1,-1,32_1663arealbrukf,OPPDATDATO,-1,-1,32_1664arealbrukf,OPPDATDATO,-1,-1;LOKALID "LOKALID" true true false 100 Text 0 0 ,First,#,32_1601arealbrukf,LOKALID,-1,-1,32_1648arealbrukf,LOKALID,-1,-1,32_1653arealbrukf,LOKALID,-1,-1,32_1657arealbrukf,LOKALID,-1,-1,32_1662arealbrukf,LOKALID,-1,-1,32_1663arealbrukf,LOKALID,-1,-1,32_1664arealbrukf,LOKALID,-1,-1;NAVNEROM "NAVNEROM" true true false 100 Text 0 0 ,First,#,32_1601arealbrukf,NAVNEROM,-1,-1,32_1648arealbrukf,NAVNEROM,-1,-1,32_1653arealbrukf,NAVNEROM,-1,-1,32_1657arealbrukf,NAVNEROM,-1,-1,32_1662arealbrukf,NAVNEROM,-1,-1,32_1663arealbrukf,NAVNEROM,-1,-1,32_1664arealbrukf,NAVNEROM,-1,-1;VERSJONID "VERSJONID" true true false 100 Text 0 0 ,First,#,32_1601arealbrukf,VERSJONID,-1,-1,32_1648arealbrukf,VERSJONID,-1,-1,32_1653arealbrukf,VERSJONID,-1,-1,32_1657arealbrukf,VERSJONID,-1,-1,32_1662arealbrukf,VERSJONID,-1,-1,32_1663arealbrukf,VERSJONID,-1,-1,32_1664arealbrukf,VERSJONID,-1,-1;VERIFDATO "VERIFDATO" true true false 20 Text 0 0 ,First,#,32_1601arealbrukf,VERIFDATO,-1,-1,32_1648arealbrukf,VERIFDATO,-1,-1,32_1653arealbrukf,VERIFDATO,-1,-1,32_1662arealbrukf,VERIFDATO,-1,-1,32_1663arealbrukf,VERIFDATO,-1,-1,32_1664arealbrukf,VERIFDATO,-1,-1;OMRADEID "OMRADEID" true true false 8 Long 0 8 ,First,#,32_1601arealbrukf,OMRADEID,-1,-1,32_1648arealbrukf,OMRADEID,-1,-1,32_1653arealbrukf,OMRADEID,-1,-1,32_1657arealbrukf,OMRADEID,-1,-1,32_1662arealbrukf,OMRADEID,-1,-1,32_1663arealbrukf,OMRADEID,-1,-1,32_1664arealbrukf,OMRADEID,-1,-1;ORGDATVERT "ORGDATVERT" true true false 100 Text 0 0 ,First,#,32_1601arealbrukf,ORGDATVERT,-1,-1,32_1648arealbrukf,ORGDATVERT,-1,-1,32_1653arealbrukf,ORGDATVERT,-1,-1,32_1657arealbrukf,ORGDATVERT,-1,-1,32_1662arealbrukf,ORGDATVERT,-1,-1,32_1663arealbrukf,ORGDATVERT,-1,-1,32_1664arealbrukf,ORGDATVERT,-1,-1;KOPIDATO "KOPIDATO" true true false 20 Text 0 0 ,First,#,32_1601arealbrukf,KOPIDATO,-1,-1,32_1648arealbrukf,KOPIDATO,-1,-1,32_1653arealbrukf,KOPIDATO,-1,-1,32_1657arealbrukf,KOPIDATO,-1,-1,32_1662arealbrukf,KOPIDATO,-1,-1,32_1663arealbrukf,KOPIDATO,-1,-1,32_1664arealbrukf,KOPIDATO,-1,-1;OBJTYPE "OBJTYPE" true true false 32 Text 0 0 ,First,#,32_1601arealbrukf,OBJTYPE,-1,-1,32_1648arealbrukf,OBJTYPE,-1,-1,32_1653arealbrukf,OBJTYPE,-1,-1,32_1657arealbrukf,OBJTYPE,-1,-1,32_1662arealbrukf,OBJTYPE,-1,-1,32_1663arealbrukf,OBJTYPE,-1,-1,32_1664arealbrukf,OBJTYPE,-1,-1;PRODUKT "PRODUKT" true true false 15 Text 0 0 ,First,#,32_1601arealbrukf,PRODUKT,-1,-1,32_1648arealbrukf,PRODUKT,-1,-1,32_1653arealbrukf,PRODUKT,-1,-1,32_1657arealbrukf,PRODUKT,-1,-1,32_1662arealbrukf,PRODUKT,-1,-1,32_1663arealbrukf,PRODUKT,-1,-1,32_1664arealbrukf,PRODUKT,-1,-1;VERSJON "VERSJON" true true false 20 Text 0 0 ,First,#,32_1601arealbrukf,VERSJON,-1,-1,32_1648arealbrukf,VERSJON,-1,-1,32_1653arealbrukf,VERSJON,-1,-1,32_1657arealbrukf,VERSJON,-1,-1,32_1662arealbrukf,VERSJON,-1,-1,32_1663arealbrukf,VERSJON,-1,-1,32_1664arealbrukf,VERSJON,-1,-1;DATFGSTDAT "DATFGSTDAT" true true false 20 Text 0 0 ,First,#,32_1601arealbrukf,DATFGSTDAT,-1,-1,32_1648arealbrukf,DATFGSTDAT,-1,-1,32_1653arealbrukf,DATFGSTDAT,-1,-1,32_1657arealbrukf,DATFGSTDAT,-1,-1,32_1662arealbrukf,DATFGSTDAT,-1,-1,32_1663arealbrukf,DATFGSTDAT,-1,-1,32_1664arealbrukf,DATFGSTDAT,-1,-1"</Process><Process ToolSource="c:\program files (x86)\arcgis\desktop10.5\ArcToolbox\Toolboxes\Analysis Tools.tbx\Clip" Date="20171018" Time="173129">Clip c32_1601arealbrukf_Merge1 Studieområde "C:\Users\sindr\Documents\NTNU\H2017\TBA4240 GIB\Prosjekt\Ferdige data\Arealbruk\Flate\Arealbrukf.shp" #</Process></lineage><itemProps><itemName Sync="TRUE">Arealbrukf</itemName><imsContentType Sync="TRUE">002</imsContentType><itemLocation><linkage Sync="TRUE">file://\\DEISZ\C$\Users\sindr\Documents\NTNU\H2017\TBA4240 GIB\Prosjekt\Ferdige data\Arealbruk\Flate\Arealbrukf.shp</linkage><protocol Sync="TRUE">Local Area Network</protocol></itemLocation><itemSize Sync="TRUE">0.000</itemSize></itemProps><coordRef><type Sync="TRUE">Projected</type><geogcsn Sync="TRUE">GCS_WGS_1984</geogcsn><csUnits Sync="TRUE">Linear Unit: Meter (1.000000)</csUnits><projcsn Sync="TRUE">WGS_1984_UTM_Zone_32N</projcsn><peXml Sync="TRUE">&lt;ProjectedCoordinateSystem xsi:type='typens:ProjectedCoordinateSystem' xmlns:xsi='http://www.w3.org/2001/XMLSchema-instance' xmlns:xs='http://www.w3.org/2001/XMLSchema' xmlns:typens='http://www.esri.com/schemas/ArcGIS/10.5'&gt;&lt;WKT&gt;PROJCS[&amp;quot;WGS_1984_UTM_Zone_32N&amp;quot;,GEOGCS[&amp;quot;GCS_WGS_1984&amp;quot;,DATUM[&amp;quot;D_WGS_1984&amp;quot;,SPHEROID[&amp;quot;WGS_1984&amp;quot;,6378137.0,298.257223563]],PRIMEM[&amp;quot;Greenwich&amp;quot;,0.0],UNIT[&amp;quot;Degree&amp;quot;,0.0174532925199433]],PROJECTION[&amp;quot;Transverse_Mercator&amp;quot;],PARAMETER[&amp;quot;False_Easting&amp;quot;,500000.0],PARAMETER[&amp;quot;False_Northing&amp;quot;,0.0],PARAMETER[&amp;quot;Central_Meridian&amp;quot;,9.0],PARAMETER[&amp;quot;Scale_Factor&amp;quot;,0.9996],PARAMETER[&amp;quot;Latitude_Of_Origin&amp;quot;,0.0],UNIT[&amp;quot;Meter&amp;quot;,1.0],AUTHORITY[&amp;quot;EPSG&amp;quot;,32632]]&lt;/WKT&gt;&lt;XOrigin&gt;-5120900&lt;/XOrigin&gt;&lt;YOrigin&gt;-9998100&lt;/YOrigin&gt;&lt;XYScale&gt;450445547.3910538&lt;/XYScale&gt;&lt;ZOrigin&gt;-100000&lt;/ZOrigin&gt;&lt;ZScale&gt;10000&lt;/ZScale&gt;&lt;MOrigin&gt;-100000&lt;/MOrigin&gt;&lt;MScale&gt;10000&lt;/MScale&gt;&lt;XYTolerance&gt;0.001&lt;/XYTolerance&gt;&lt;ZTolerance&gt;0.001&lt;/ZTolerance&gt;&lt;MTolerance&gt;0.001&lt;/MTolerance&gt;&lt;HighPrecision&gt;true&lt;/HighPrecision&gt;&lt;WKID&gt;32632&lt;/WKID&gt;&lt;LatestWKID&gt;32632&lt;/LatestWKID&gt;&lt;/ProjectedCoordinateSystem&gt;</peXml></coordRef></DataProperties><SyncDate>20171018</SyncDate><SyncTime>17312600</SyncTime><ModDate>20171018</ModDate><ModTime>17312600</ModTime></Esri><dataIdInfo><envirDesc Sync="TRUE"> Version 6.2 (Build 9200) ; Esri ArcGIS 10.5.0.6491</envirDesc><dataLang><languageCode value="nob" Sync="TRUE"></languageCode><countryCode value="NOR" Sync="TRUE"></countryCode></dataLang><idCitation><resTitle Sync="TRUE">Arealbrukf</resTitle><presForm><PresFormCd value="005" Sync="TRUE"></PresFormCd></presForm></idCitation><spatRpType><SpatRepTypCd value="001" Sync="TRUE"></SpatRepTypCd></spatRpType></dataIdInfo><mdLang><languageCode value="nob" Sync="TRUE"></languageCode><countryCode value="NOR" Sync="TRUE"></countryCode></mdLang><distInfo><distFormat><formatName Sync="TRUE">Shapefile</formatName></distFormat><distTranOps><transSize Sync="TRUE">0.000</transSize></distTranOps></distInfo><mdHrLv><ScopeCd value="005" Sync="TRUE"></ScopeCd></mdHrLv><mdHrLvName Sync="TRUE">dataset</mdHrLvName><refSysInfo><RefSystem><refSysID><identCode code="32632" Sync="TRUE"></identCode><idCodeSpace Sync="TRUE">EPSG</idCodeSpace><idVersion Sync="TRUE">2.1(3.0.1)</idVersion></refSysID></RefSystem></refSysInfo><spatRepInfo><VectSpatRep><geometObjs Name="Arealbrukf"><geoObjTyp><GeoObjTypCd value="002" Sync="TRUE"></GeoObjTypCd></geoObjTyp><geoObjCnt Sync="TRUE">0</geoObjCnt></geometObjs><topLvl><TopoLevCd value="001" Sync="TRUE"></TopoLevCd></topLvl></VectSpatRep></spatRepInfo><spdoinfo><ptvctinf><esriterm Name="Arealbrukf"><efeatyp Sync="TRUE">Simple</efeatyp><efeageom code="4" Sync="TRUE"></efeageom><esritopo Sync="TRUE">FALSE</esritopo><efeacnt Sync="TRUE">0</efeacnt><spindex Sync="TRUE">FALSE</spindex><linrefer Sync="TRUE">FALSE</linrefer></esriterm></ptvctinf></spdoinfo><eainfo><detailed Name="Arealbrukf"><enttyp><enttypl Sync="TRUE">Arealbrukf</enttypl><enttypt Sync="TRUE">Feature Class</enttypt><enttypc Sync="TRUE">0</enttypc></enttyp><attr><attrlabl Sync="TRUE">FID</attrlabl><attalias Sync="TRUE">FID</attalias><attrtype Sync="TRUE">OID</attrtype><attwidth Sync="TRUE">4</attwidth><atprecis Sync="TRUE">0</atprecis><attscale Sync="TRUE">0</attscale><attrdef Sync="TRUE">Internal feature number.</attrdef><attrdefs Sync="TRUE">Esri</attrdefs><attrdomv><udom Sync="TRUE">Sequential unique whole numbers that are automatically generated.</udom></attrdomv></attr><attr><attrlabl Sync="TRUE">Shape</attrlabl><attalias Sync="TRUE">Shape</attalias><attrtype Sync="TRUE">Geometry</attrtype><attwidth Sync="TRUE">0</attwidth><atprecis Sync="TRUE">0</atprecis><attscale Sync="TRUE">0</attscale><attrdef Sync="TRUE">Feature geometry.</attrdef><attrdefs Sync="TRUE">Esri</attrdefs><attrdomv><udom Sync="TRUE">Coordinates defining the features.</udom></attrdomv></attr><attr><attrlabl Sync="TRUE">KOORDH</attrlabl><attalias Sync="TRUE">KOORDH</attalias><attrtype Sync="TRUE">Double</attrtype><attwidth Sync="TRUE">19</attwidth><atprecis Sync="TRUE">0</atprecis><attscale Sync="TRUE">0</attscale></attr><attr><attrlabl Sync="TRUE">OPPDATDATO</attrlabl><attalias Sync="TRUE">OPPDATDATO</attalias><attrtype Sync="TRUE">String</attrtype><attwidth Sync="TRUE">20</attwidth><atprecis Sync="TRUE">0</atprecis><attscale Sync="TRUE">0</attscale></attr><attr><attrlabl Sync="TRUE">LOKALID</attrlabl><attalias Sync="TRUE">LOKALID</attalias><attrtype Sync="TRUE">String</attrtype><attwidth Sync="TRUE">100</attwidth><atprecis Sync="TRUE">0</atprecis><attscale Sync="TRUE">0</attscale></attr><attr><attrlabl Sync="TRUE">NAVNEROM</attrlabl><attalias Sync="TRUE">NAVNEROM</attalias><attrtype Sync="TRUE">String</attrtype><attwidth Sync="TRUE">100</attwidth><atprecis Sync="TRUE">0</atprecis><attscale Sync="TRUE">0</attscale></attr><attr><attrlabl Sync="TRUE">VERSJONID</attrlabl><attalias Sync="TRUE">VERSJONID</attalias><attrtype Sync="TRUE">String</attrtype><attwidth Sync="TRUE">100</attwidth><atprecis Sync="TRUE">0</atprecis><attscale Sync="TRUE">0</attscale></attr><attr><attrlabl Sync="TRUE">VERIFDATO</attrlabl><attalias Sync="TRUE">VERIFDATO</attalias><attrtype Sync="TRUE">String</attrtype><attwidth Sync="TRUE">20</attwidth><atprecis Sync="TRUE">0</atprecis><attscale Sync="TRUE">0</attscale></attr><attr><attrlabl Sync="TRUE">OMRADEID</attrlabl><attalias Sync="TRUE">OMRADEID</attalias><attrtype Sync="TRUE">Integer</attrtype><attwidth Sync="TRUE">10</attwidth><atprecis Sync="TRUE">10</atprecis><attscale Sync="TRUE">0</attscale></attr><attr><attrlabl Sync="TRUE">ORGDATVERT</attrlabl><attalias Sync="TRUE">ORGDATVERT</attalias><attrtype Sync="TRUE">String</attrtype><attwidth Sync="TRUE">100</attwidth><atprecis Sync="TRUE">0</atprecis><attscale Sync="TRUE">0</attscale></attr><attr><attrlabl Sync="TRUE">KOPIDATO</attrlabl><attalias Sync="TRUE">KOPIDATO</attalias><attrtype Sync="TRUE">String</attrtype><attwidth Sync="TRUE">20</attwidth><atprecis Sync="TRUE">0</atprecis><attscale Sync="TRUE">0</attscale></attr><attr><attrlabl Sync="TRUE">OBJTYPE</attrlabl><attalias Sync="TRUE">OBJTYPE</attalias><attrtype Sync="TRUE">String</attrtype><attwidth Sync="TRUE">32</attwidth><atprecis Sync="TRUE">0</atprecis><attscale Sync="TRUE">0</attscale></attr><attr><attrlabl Sync="TRUE">PRODUKT</attrlabl><attalias Sync="TRUE">PRODUKT</attalias><attrtype Sync="TRUE">String</attrtype><attwidth Sync="TRUE">15</attwidth><atprecis Sync="TRUE">0</atprecis><attscale Sync="TRUE">0</attscale></attr><attr><attrlabl Sync="TRUE">VERSJON</attrlabl><attalias Sync="TRUE">VERSJON</attalias><attrtype Sync="TRUE">String</attrtype><attwidth Sync="TRUE">20</attwidth><atprecis Sync="TRUE">0</atprecis><attscale Sync="TRUE">0</attscale></attr><attr><attrlabl Sync="TRUE">DATFGSTDAT</attrlabl><attalias Sync="TRUE">DATFGSTDAT</attalias><attrtype Sync="TRUE">String</attrtype><attwidth Sync="TRUE">20</attwidth><atprecis Sync="TRUE">0</atprecis><attscale Sync="TRUE">0</attscale></attr><attr><attrlabl Sync="TRUE">Shape_Leng</attrlabl><attalias Sync="TRUE">Shape_Leng</attalias><attrtype Sync="TRUE">Double</attrtype><attwidth Sync="TRUE">19</attwidth><atprecis Sync="TRUE">0</atprecis><attscale Sync="TRUE">0</attscale></attr><attr><attrlabl Sync="TRUE">Shape_Area</attrlabl><attalias Sync="TRUE">Shape_Area</attalias><attrtype Sync="TRUE">Double</attrtype><attwidth Sync="TRUE">19</attwidth><atprecis Sync="TRUE">0</atprecis><attscale Sync="TRUE">0</attscale><attrdef Sync="TRUE">Area of feature in internal units squared.</attrdef><attrdefs Sync="TRUE">Esri</attrdefs><attrdomv><udom Sync="TRUE">Positive real numbers that are automatically generated.</udom></attrdomv></attr></detailed></eainfo><mdDateSt Sync="TRUE">20171018</mdDateSt></metadata>
